uo_method,scaler_method,imbalance_ratio,classifier,sampler_seed,feat_col_list,date_time,dataset,precision_score_min,precision_score_max,precision_score_avg,precision_score_std,recall_score_min,recall_score_max,recall_score_avg,recall_score_std,f1_score_min,f1_score_max,f1_score_avg,f1_score_std,rocauc_min,rocauc_max,rocauc_avg,rocauc_std,prauc_min,prauc_max,prauc_avg,prauc_std,accuracy_min,accuracy_max,accuracy_avg,accuracy_std,n_thresholds_min,n_thresholds_max,LogisticRegression_class_weight,LogisticRegression_l1_ratio,LogisticRegression_max_iter,LogisticRegression_penalty,LogisticRegression_solver,RidgeClassifier_alpha,RandomForestClassifier_bootstrap,RandomForestClassifier_class_weight,RandomForestClassifier_criterion,RandomForestClassifier_max_depth,RandomForestClassifier_min_samples_leaf,RandomForestClassifier_min_samples_split,RandomForestClassifier_n_estimators,SGDClassifier_eta0,SGDClassifier_fit_intercept,SGDClassifier_l1_ratio,SGDClassifier_learning_rate,SGDClassifier_loss,SGDClassifier_penalty,XGB_alpha,XGB_eta,XGB_eval_metric,XGB_lambda,XGB_max_depth,XGB_objective,XGB_scale_pos_weight,XGB_seed,KNeighborsClassifier_metric,KNeighborsClassifier_n_neighbors,KNeighborsClassifier_weights,SVC_C,SVC_kernel,SVC_max_iter,SVC_verbose,SVC_degree
random_over,minmax,0.8,lr,22993695,"['smcdc__kurtosis', 'smcac__kurtosis', 'vib_spindle__kurtosis', 'vib_table__kurtosis', 'ae_table__kurtosis']",2022-05-04-1150-40,milling,0.11883691529709228,0.18193604148660328,0.1439298143389432,0.021586906727254305,0.43854748603351956,0.6066282420749279,0.5056540756558754,0.06143222728820848,0.187624750499002,0.27992021276595747,0.22399895348787885,0.032007490354079106,0.6707596077215106,0.7639788691747963,0.7092659987092883,0.03349170816517926,0.11365770225427015,0.17015934638062863,0.13553276815731657,0.02012585292402174,0.7259563432029392,0.7653812824956673,0.7439716157827571,0.012953548374225533,9220.0,9350.0,,,20000,none,saga,,,,,,,,,,,,,,,,,,,,,,,,,,,,,,
,standard,0.1,ridge,27613403,"['smcdc__kurtosis', 'smcac__kurtosis', 'vib_spindle__kurtosis', 'vib_table__kurtosis', 'ae_table__kurtosis']",2022-05-04-1150-40,milling,0.0,0.0,0.0,0.0,0.0,0.0,0.0,0.0,0.0,0.0,0.0,0.0,0.6365968624436172,0.6688523036230716,0.654653207691893,0.014732342781110162,0.10009051182569256,0.1268434267061701,0.11458384593818205,0.010029208973183152,0.9226280527339529,0.9322994652406417,0.9269330946950161,0.0037650229834366076,9220.0,9350.0,,,,,,0.7587258442511396,,,,,,,,,,,,,,,,,,,,,,,,,,,,,
random_under_bootstrap,minmax,0.3,rf,16835642,"['smcdc__kurtosis', 'smcac__kurtosis', 'vib_spindle__kurtosis', 'vib_table__kurtosis', 'ae_table__kurtosis']",2022-05-04-1150-40,milling,0.25736497545008186,0.3445167751627441,0.30168929264783995,0.03189916598739379,0.9832402234636871,0.9936808846761453,0.9885823473016371,0.003778409878183238,0.4088397790055249,0.5113340765514678,0.4613555364130069,0.03736938078790667,0.9567883180156801,0.9615976190773926,0.9596768660613956,0.0015986357514112188,0.5639989014824027,0.6179335064709985,0.5924512307661332,0.018045004512120513,0.8054545454545454,0.8575606585788561,0.8304563623444745,0.0200693109529343,8853.0,9223.0,,,,,,,False,balanced,gini,214,7,7,292,,,,,,,,,,,,,,,,,,,,,,
random_under,standard,0.7,ridge,32859221,"['smcdc__kurtosis', 'smcac__kurtosis', 'vib_spindle__kurtosis', 'vib_table__kurtosis', 'ae_table__kurtosis']",2022-05-04-1150-40,milling,0.10451977401129943,0.1830649970184854,0.13968804110917993,0.025929783324308484,0.2360335195530726,0.4423631123919308,0.344876859829961,0.07245853725546579,0.15397419891801914,0.2589624630957402,0.19817957074096268,0.03751277661709606,0.6462408168672606,0.7387861236117225,0.6901544111273467,0.03339969372528525,0.10235151900518788,0.1587755205014344,0.12812630118451568,0.01922650278944573,0.7825668449197861,0.8128376918089475,0.7977658794969139,0.01213591438966075,9220.0,9350.0,,,,,,3.637472859595246,,,,,,,,,,,,,,,,,,,,,,,,,,,,,
,standard,1.0,rf,28474942,"['smcdc__kurtosis', 'smcac__kurtosis', 'vib_spindle__kurtosis', 'vib_table__kurtosis', 'ae_table__kurtosis']",2022-05-04-1150-40,milling,0.47697594501718216,0.515850144092219,0.49933930527128967,0.014204778500003337,1.0,1.0,1.0,0.0,0.645881805490926,0.6806083650190113,0.6659590493996588,0.012674456250456328,0.9920945047838347,0.99735694683139,0.9947269949871298,0.0020345871246795788,0.9002177045465506,0.9529185797608097,0.9255958151442002,0.02059719848800511,0.9175693240901213,0.9358288770053476,0.926682884444778,0.006205313753147315,3929.0,4946.0,,,,,,,False,balanced_subsample,gini,454,9,8,18,,,,,,,,,,,,,,,,,,,,,,
random_under,standard,1.0,sgd,33438300,"['smcdc__kurtosis', 'smcac__kurtosis', 'vib_spindle__kurtosis', 'vib_table__kurtosis', 'ae_table__kurtosis']",2022-05-04-1150-40,milling,0.07481266618322456,0.11062906724511931,0.0974867381249376,0.01442014272477321,0.40502793296089384,0.9778830963665087,0.7425795991267452,0.19480726336876406,0.13899180419894466,0.19462272333044234,0.16977460337008035,0.022196316680600254,0.5987369242309484,0.7077283859981437,0.6535621930118858,0.04105342298509014,0.09007397821148203,0.14116342885326713,0.11530326421467182,0.017824985578222218,0.17978609625668449,0.6898638426626323,0.4640190032336037,0.16326931129358965,9220.0,9350.0,,,,,,,,,,,,,,0.7785083411279599,True,0.7560444383417342,constant,perceptron,elasticnet,,,,,,,,,,,,,,,,
random_under,standard,0.1,xgb,14962186,"['smcdc__kurtosis', 'smcac__kurtosis', 'vib_spindle__kurtosis', 'vib_table__kurtosis', 'ae_table__kurtosis']",2022-05-04-1150-40,milling,0.709211986681465,0.8072153325817362,0.7437425812510018,0.03506379040918099,1.0,1.0,1.0,0.0,0.8298701298701299,0.8933250155957579,0.8525857846243661,0.022676603646088294,0.9996386724749096,0.9998435082000072,0.9997603334145057,7.317859550608896e-05,0.9906749804736391,0.9953225256207269,0.9935547223722161,0.0017692888033607845,0.9715958369470945,0.9815215042143938,0.9748496591251665,0.0035129619486496096,9205.0,9340.0,,,,,,,,,,,,,,,,,,,,0.5,0.1,aucpr,1.5,21,binary:logistic,99,25407,,,,,,,,
smote,standard,0.5,ridge,23998950,"['smcdc__kurtosis', 'smcac__kurtosis', 'vib_spindle__kurtosis', 'vib_table__kurtosis', 'ae_table__kurtosis']",2022-05-04-1150-40,milling,0.07692307692307693,0.1858974358974359,0.13857693027717202,0.03601346812680321,0.018156424581005588,0.08357348703170028,0.05994076801575663,0.02212942365015251,0.029378531073446335,0.11530815109343935,0.08314942508538511,0.02886326050197706,0.6397672938843513,0.6736113783235889,0.659239162981852,0.014633525010373965,0.09996194608891815,0.12637530020133117,0.11402437047734919,0.00978420148494076,0.9019522776572668,0.9083422459893048,0.9057613325748456,0.0025209087700415593,9220.0,9350.0,,,,,,1.9373618729855653,,,,,,,,,,,,,,,,,,,,,,,,,,,,,
random_under_bootstrap,standard,0.7,rf,3880282,"['smcdc__kurtosis', 'smcac__kurtosis', 'vib_spindle__kurtosis', 'vib_table__kurtosis', 'ae_table__kurtosis']",2022-05-04-1150-40,milling,0.25442122186495175,0.36278097229482487,0.30738032059715814,0.03630202040653704,1.0,1.0,1.0,0.0,0.4056392181992951,0.5324127349443805,0.46904563372691055,0.04242768575871803,0.9613353578023192,0.9649415779049164,0.9624613448581766,0.0013539174385568014,0.5761636416791115,0.6446450778097144,0.6088462621521332,0.022697127111579594,0.8016042780748663,0.8679592720970537,0.8333020485269517,0.0227644777254965,7910.0,8574.0,,,,,,,True,,gini,268,1,4,271,,,,,,,,,,,,,,,,,,,,,,
adasyn,minmax,0.5,knn,13902826,"['smcdc__kurtosis', 'smcac__kurtosis', 'vib_spindle__kurtosis', 'vib_table__kurtosis', 'ae_table__kurtosis']",2022-05-04-1150-40,milling,1.0,1.0,1.0,0.0,1.0,1.0,1.0,0.0,1.0,1.0,1.0,0.0,1.0,1.0,1.0,0.0,1.0,1.0,1.0,0.0,1.0,1.0,1.0,0.0,2.0,2.0,,,,,,,,,,,,,,,,,,,,,,,,,,,,chebyshev,2,distance,,,,,
,minmax,0.3,lr,12501164,"['smcdc__kurtosis', 'smcac__kurtosis', 'vib_spindle__kurtosis', 'vib_table__kurtosis', 'ae_table__kurtosis']",2022-05-04-1150-40,milling,0.10939989378651088,0.15830235439900867,0.13066834116451664,0.015965642983443013,0.65086887835703,0.7363112391930836,0.6826198160762846,0.029116598195091107,0.18731529893157534,0.2605813360530342,0.21915765848582947,0.023913677793115044,0.6796449589151882,0.7674262476685009,0.7160301334112189,0.032044152464105274,0.11610392731955403,0.17116445223362342,0.1382708253718491,0.019857550369355364,0.6096822995461422,0.6858752166377816,0.6429309346239788,0.027578619683486367,9220.0,9350.0,balanced,,20000,none,lbfgs,,,,,,,,,,,,,,,,,,,,,,,,,,,,,,
random_under_bootstrap,standard,0.5,xgb,26668843,"['smcdc__kurtosis', 'smcac__kurtosis', 'vib_spindle__kurtosis', 'vib_table__kurtosis', 'ae_table__kurtosis']",2022-05-04-1150-40,milling,0.17304537998906505,0.24946081955427749,0.2105774430690687,0.0259978722926635,1.0,1.0,1.0,0.0,0.29503612211605684,0.3993095512082853,0.3471344252805263,0.03546347596423651,0.9759155205782861,0.9844335513344755,0.9807060346740458,0.0028053671183289235,0.6466219166610162,0.7027751933569135,0.6772254715668556,0.020966981082234524,0.6764705882352942,0.7738301559792028,0.7228827170681514,0.033010434909957864,9211.0,9345.0,,,,,,,,,,,,,,,,,,,,1,0.1,aucpr,1.5,30,binary:logistic,48,32176,,,,,,,,
,standard,0.7,lr,7425056,"['smcdc__kurtosis', 'smcac__kurtosis', 'vib_spindle__kurtosis', 'vib_table__kurtosis', 'ae_table__kurtosis']",2022-05-04-1150-40,milling,0.10939989378651088,0.15830235439900867,0.13066834116451664,0.015965642983443013,0.65086887835703,0.7363112391930836,0.6826198160762846,0.029116598195091107,0.18731529893157534,0.2605813360530342,0.21915765848582947,0.023913677793115044,0.6796438138535446,0.7674269227316023,0.7160305643756221,0.032045323489222455,0.11610252400202156,0.1711658535459395,0.13827076903839064,0.019858568883223036,0.6096822995461422,0.6858752166377816,0.6429309346239788,0.027578619683486367,9220.0,9350.0,balanced,,20000,none,lbfgs,,,,,,,,,,,,,,,,,,,,,,,,,,,,,,
random_under_bootstrap,standard,0.7,ridge,11740856,"['smcdc__kurtosis', 'smcac__kurtosis', 'vib_spindle__kurtosis', 'vib_table__kurtosis', 'ae_table__kurtosis']",2022-05-04-1150-40,milling,0.09897404948702475,0.15605846298915607,0.1301376837499952,0.02270390425379756,0.24860335195530725,0.5179968701095462,0.3253097007314031,0.09871165024329381,0.14323144104803492,0.23985507246376817,0.1845170864443872,0.035134805481511516,0.626656416317845,0.7348217174658642,0.6724646535232234,0.04032069223544727,0.09916244548832495,0.13964715063375308,0.12057417701103446,0.01700165511225031,0.7725498699045967,0.8207322357019065,0.7942641672284868,0.016013419075155973,9220.0,9350.0,,,,,,4.1530296960582405,,,,,,,,,,,,,,,,,,,,,,,,,,,,,
random_under,standard,0.7,rf,17600830,"['smcdc__kurtosis', 'smcac__kurtosis', 'vib_spindle__kurtosis', 'vib_table__kurtosis', 'ae_table__kurtosis']",2022-05-04-1150-40,milling,0.2151986183074266,0.32007487131492746,0.26448593873255655,0.03921548166837865,0.9842022116903634,0.9890453834115805,0.9861013889992982,0.0017632351867121854,0.3531746031746032,0.4832214765100671,0.4155840899535768,0.04848560868152672,0.9370306718491096,0.9506198091866637,0.9448538045114929,0.005345246418771252,0.4493146124325852,0.5616426566687176,0.5214812544347478,0.04047667534487073,0.7559358288770054,0.8415294627383015,0.7944757156705202,0.03309348137686418,8888.0,9298.0,,,,,,,False,balanced,entropy,180,5,8,393,,,,,,,,,,,,,,,,,,,,,,
smote,standard,0.3,ridge,31374636,"['smcdc__kurtosis', 'smcac__kurtosis', 'vib_spindle__kurtosis', 'vib_table__kurtosis', 'ae_table__kurtosis']",2022-05-04-1150-40,milling,0.0,0.15217391304347827,0.09146748010274082,0.058052726495472,0.0,0.012519561815336464,0.00624145522848999,0.004848798553673169,0.0,0.022922636103151865,0.011632140281036612,0.008936571476094437,0.6384970552900844,0.6718715719451875,0.6582375316971465,0.014433938058018273,0.10046058027450769,0.12665343999315196,0.11424129642922456,0.009781955618488315,0.9205748865355522,0.9298395721925133,0.923840796830073,0.0035738165404018245,9220.0,9350.0,,,,,,4.213275765317042,,,,,,,,,,,,,,,,,,,,,,,,,,,,,
adasyn,standard,1.0,lr,33166675,"['smcdc__kurtosis', 'smcac__kurtosis', 'vib_spindle__kurtosis', 'vib_table__kurtosis', 'ae_table__kurtosis']",2022-05-04-1150-40,milling,0.10969254820218864,0.1571601941747573,0.1294017155190207,0.01556242442364189,0.665086887835703,0.7463976945244957,0.6935946214701518,0.028204440755712393,0.18832475956161934,0.2596491228070176,0.2179276312158152,0.023391749384170858,0.6785378478860854,0.7685595098501832,0.7153225930023871,0.032673400995554214,0.11548720700938332,0.1690508933299445,0.1369951830521185,0.01939492989998649,0.6026583099200346,0.6800259965337955,0.6346684647324949,0.027480340283643788,9220.0,9350.0,balanced,,20000,none,saga,,,,,,,,,,,,,,,,,,,,,,,,,,,,,,
random_under_bootstrap,minmax,0.3,nb,4696471,"['smcdc__kurtosis', 'smcac__kurtosis', 'vib_spindle__kurtosis', 'vib_table__kurtosis', 'ae_table__kurtosis']",2022-05-04-1150-40,milling,0.10681916271040139,0.17223011363636365,0.13584492946932605,0.021803195305951227,0.5633802816901409,0.8371757925072046,0.7377312855209202,0.09858288819525499,0.1879627871653693,0.2763532763532764,0.22736934527024982,0.028467067690683558,0.6991848834176867,0.7817708322785473,0.7423620639589293,0.02822043173072405,0.11274020480894045,0.2020368758145107,0.15863690762187327,0.028979146987078187,0.5425668449197861,0.7388334778837814,0.6245339676259423,0.08798656475320799,9181.0,9338.0,,,,,,,,,,,,,,,,,,,,,,,,,,,,,,,,,,,
random_under,standard,1.0,ridge,4744096,"['smcdc__kurtosis', 'smcac__kurtosis', 'vib_spindle__kurtosis', 'vib_table__kurtosis', 'ae_table__kurtosis']",2022-05-04-1150-40,milling,0.10111788617886179,0.14632683658170914,0.12383818061059845,0.014675863129387913,0.6287519747235387,0.7031700288184438,0.6618047256767193,0.024035256332428097,0.17421755307507114,0.24224373293621249,0.2084344496537483,0.022008493350338058,0.6582307890684452,0.7376052975100404,0.6972860461627275,0.025818285739419203,0.10842064179360891,0.15673928405790222,0.1307930349311784,0.015484682218507207,0.5964705882352941,0.6688720173535792,0.6312576661296824,0.02429140926668106,9220.0,9350.0,,,,,,4.363678004489255,,,,,,,,,,,,,,,,,,,,,,,,,,,,,
random_under,minmax,0.7,rf,33275928,"['smcdc__kurtosis', 'smcac__kurtosis', 'vib_spindle__kurtosis', 'vib_table__kurtosis', 'ae_table__kurtosis']",2022-05-04-1150-40,milling,0.20695533583361744,0.31188351338656645,0.2563122364913226,0.038400440047565924,0.9553314121037464,0.9671361502347418,0.9589739115283813,0.0042400969026882085,0.340437464946719,0.4704215373715905,0.4029580949101197,0.04735353980110189,0.9237826034399924,0.9440458759382533,0.9328752253270046,0.0076653476728398935,0.41892922236540375,0.5381657965440627,0.48269164317918134,0.042449785929044775,0.7484491978609625,0.8380632582322357,0.7893806853792003,0.033607609591330675,8757.0,9248.0,,,,,,,False,balanced_subsample,gini,322,6,5,96,,,,,,,,,,,,,,,,,,,,,,
,standard,0.8,sgd,65293,"['smcdc__kurtosis', 'smcac__kurtosis', 'vib_spindle__kurtosis', 'vib_table__kurtosis', 'ae_table__kurtosis']",2022-05-04-1150-40,milling,0.0,0.08108108108108109,0.016216216216216217,0.032432432432432434,0.0,0.004189944134078212,0.0008379888268156424,0.0016759776536312847,0.0,0.00796812749003984,0.0015936254980079682,0.003187250996015937,0.5355582956624964,0.6456300127654433,0.6034448146484614,0.03725746878276392,0.0744253016968299,0.10953439502984909,0.09524201664926896,0.012150128520158223,0.9192781499891939,0.9322994652406417,0.9263064792804963,0.004702670553315789,9220.0,9350.0,,,,,,,,,,,,,,1.2422443932779184,True,0.5730995958734274,invscaling,modified_huber,elasticnet,,,,,,,,,,,,,,,,
,minmax,1.0,nb,22716412,"['smcdc__kurtosis', 'smcac__kurtosis', 'vib_spindle__kurtosis', 'vib_table__kurtosis', 'ae_table__kurtosis']",2022-05-04-1150-40,milling,0.14285714285714285,0.23205741626794257,0.18609112692483434,0.0291854182941015,0.02843601895734597,0.4783861671469741,0.2891743168720334,0.16636334835150976,0.04743083003952569,0.29876796714579057,0.20567888300053178,0.08815681383798908,0.7005602352070848,0.7811126457545619,0.7410883245637329,0.027868124841598216,0.1132479093181952,0.2008867418713866,0.15771001397471543,0.02894205910953202,0.8039045553145336,0.9226737967914439,0.8585978666707683,0.04442151820168572,9187.0,9338.0,,,,,,,,,,,,,,,,,,,,,,,,,,,,,,,,,,,
random_under,minmax,0.1,ridge,20934863,"['smcdc__kurtosis', 'smcac__kurtosis', 'vib_spindle__kurtosis', 'vib_table__kurtosis', 'ae_table__kurtosis']",2022-05-04-1150-40,milling,0.0,0.2,0.04,0.08,0.0,0.001440922190201729,0.0002881844380403458,0.0005763688760806915,0.0,0.002861230329041488,0.0005722460658082976,0.0011444921316165952,0.6362978324964569,0.6701994406427141,0.6555018714114319,0.015305549093183069,0.10011722305405538,0.12802741605739779,0.1149517644725608,0.010318352366416476,0.9226280527339529,0.9320855614973262,0.9268252474311979,0.0037096877802519903,9220.0,9350.0,,,,,,0.884713926560548,,,,,,,,,,,,,,,,,,,,,,,,,,,,,
,minmax,1.0,svm,21413718,"['smcdc__kurtosis', 'smcac__kurtosis', 'vib_spindle__kurtosis', 'vib_table__kurtosis', 'ae_table__kurtosis']",2022-05-04-1150-40,milling,0.0,0.0,0.0,0.0,0.0,0.0,0.0,0.0,0.0,0.0,0.0,0.0,0.6780403641026903,0.7349972288659683,0.7093002504845545,0.019022521531743608,0.17963846105599252,0.216480816487633,0.19232382050607696,0.01358384064469376,0.9226280527339529,0.9322994652406417,0.9270414511639368,0.0037667150346901357,9210.0,9343.0,,,,,,,,,,,,,,,,,,,,,,,,,,,,,,,1.39,rbf,25000,False,
adasyn,minmax,0.8,knn,24680906,"['smcdc__kurtosis', 'smcac__kurtosis', 'vib_spindle__kurtosis', 'vib_table__kurtosis', 'ae_table__kurtosis']",2022-05-04-1150-40,milling,1.0,1.0,1.0,0.0,1.0,1.0,1.0,0.0,1.0,1.0,1.0,0.0,1.0,1.0,1.0,0.0,1.0,1.0,1.0,0.0,1.0,1.0,1.0,0.0,2.0,2.0,,,,,,,,,,,,,,,,,,,,,,,,,,,,chebyshev,18,distance,,,,,
smote,standard,0.1,rf,11293431,"['smcdc__kurtosis', 'smcac__kurtosis', 'vib_spindle__kurtosis', 'vib_table__kurtosis', 'ae_table__kurtosis']",2022-05-04-1150-40,milling,0.911957950065703,0.9547511312217195,0.9360378739125548,0.016789691913404584,1.0,1.0,1.0,0.0,0.9539518900343642,0.9768518518518519,0.9668844822513559,0.008980066993431254,0.9999998312342246,1.0,0.9999999662468448,6.75063101418516e-08,0.9999979252369517,1.0,0.9999995850473903,8.299052193017075e-07,0.9927426343154246,0.9967914438502674,0.9949599619852609,0.0015358560102994934,4208.0,5126.0,,,,,,,False,balanced_subsample,gini,307,3,6,195,,,,,,,,,,,,,,,,,,,,,,
random_under_bootstrap,minmax,1.0,knn,5768813,"['smcdc__kurtosis', 'smcac__kurtosis', 'vib_spindle__kurtosis', 'vib_table__kurtosis', 'ae_table__kurtosis']",2022-05-04-1150-40,milling,0.12063574778530485,0.17599752551809464,0.14921072434953095,0.019250739900559224,0.731437598736177,0.8198847262247838,0.770182964535417,0.03073140149874631,0.20711250279579513,0.28978864272981913,0.24969790659062427,0.028620058043328185,0.7348449879400731,0.814596113121674,0.7758426678586924,0.028561850901551618,0.14914953092909525,0.2705226837285678,0.22024750769063722,0.04367537996108916,0.620855614973262,0.6978986135181976,0.6597140059087317,0.02983426579079411,13.0,13.0,,,,,,,,,,,,,,,,,,,,,,,,,,,,euclidean,12,uniform,,,,,
,standard,0.7,nb,12705099,"['smcdc__kurtosis', 'smcac__kurtosis', 'vib_spindle__kurtosis', 'vib_table__kurtosis', 'ae_table__kurtosis']",2022-05-04-1150-40,milling,0.14285714285714285,0.23205741626794257,0.18609112692483434,0.0291854182941015,0.02843601895734597,0.4783861671469741,0.2891743168720334,0.16636334835150976,0.04743083003952569,0.29876796714579057,0.20567888300053178,0.08815681383798908,0.7005604164367314,0.7811126457545619,0.7410883645512791,0.02786808771542484,0.11324793924275743,0.2008867418713866,0.1577099964643651,0.028942055452091928,0.8039045553145336,0.9226737967914439,0.8585978666707683,0.04442151820168572,9187.0,9338.0,,,,,,,,,,,,,,,,,,,,,,,,,,,,,,,,,,,
random_under_bootstrap,standard,0.8,rf,3296635,"['smcdc__kurtosis', 'smcac__kurtosis', 'vib_spindle__kurtosis', 'vib_table__kurtosis', 'ae_table__kurtosis']",2022-05-04-1150-40,milling,0.1836734693877551,0.27458087902129585,0.22592888465124256,0.03164447901426622,0.8731988472622478,0.8957345971563981,0.8882532879115448,0.008488499117329108,0.30483870967741933,0.41778697001034126,0.3589399954255222,0.039233398743513476,0.8858303969599816,0.9179207651435218,0.8976997293501461,0.012489570920958596,0.3478441125620829,0.4449542980028327,0.3895995734504759,0.03795398564536289,0.7234224598930481,0.8170493934142115,0.7653787133184669,0.033658610684784984,9219.0,9349.0,,,,,,,True,balanced_subsample,entropy,89,8,7,216,,,,,,,,,,,,,,,,,,,,,,
smote,standard,0.8,rf,4770507,"['smcdc__kurtosis', 'smcac__kurtosis', 'vib_spindle__kurtosis', 'vib_table__kurtosis', 'ae_table__kurtosis']",2022-05-04-1150-40,milling,1.0,1.0,1.0,0.0,1.0,1.0,1.0,0.0,1.0,1.0,1.0,0.0,1.0,1.0000000000000002,1.0,9.930136612989092e-17,1.0,1.0,1.0,0.0,1.0,1.0,1.0,0.0,2591.0,3154.0,,,,,,,False,balanced_subsample,gini,354,1,5,112,,,,,,,,,,,,,,,,,,,,,,
adasyn,standard,0.5,xgb,17814883,"['smcdc__kurtosis', 'smcac__kurtosis', 'vib_spindle__kurtosis', 'vib_table__kurtosis', 'ae_table__kurtosis']",2022-05-04-1150-40,milling,0.19003302311618134,0.2542124542124542,0.21873381216028678,0.024363515219102242,1.0,1.0,1.0,0.0,0.3193743693239153,0.4053738317757009,0.3583006499636555,0.03261291307556195,0.9784725957304248,0.9841563605897284,0.9818477567627433,0.0019897661654319364,0.7385517072513336,0.7962330831231954,0.764128601307905,0.022207188940917305,0.7070456019018803,0.7794627383015598,0.7366643074494063,0.0287810339967623,9212.0,9341.0,,,,,,,,,,,,,,,,,,,,3,0.3,aucpr,3,6,binary:logistic,66,8581,,,,,,,,
adasyn,standard,1.0,knn,3576125,"['smcdc__kurtosis', 'smcac__kurtosis', 'vib_spindle__kurtosis', 'vib_table__kurtosis', 'ae_table__kurtosis']",2022-05-04-1150-40,milling,0.18344060854300762,0.22315653298835705,0.20471352732594444,0.014474238161117856,0.990521327014218,0.9971181556195965,0.9933799060665468,0.0025146808443981547,0.3095531967415453,0.36450079239302696,0.3392424541167785,0.020083779870854825,0.9568797593669315,0.9659552864979952,0.9634201038252131,0.0033432847944134454,0.7409026965791561,0.7824875384567143,0.7684502583289431,0.014734624388982992,0.700855614973262,0.7393847487001733,0.7173548918092338,0.013494113450190349,18.0,18.0,,,,,,,,,,,,,,,,,,,,,,,,,,,,minkowski,17,uniform,,,,,
,minmax,0.5,lr,21813446,"['smcdc__kurtosis', 'smcac__kurtosis', 'vib_spindle__kurtosis', 'vib_table__kurtosis', 'ae_table__kurtosis']",2022-05-04-1150-40,milling,0.10939989378651088,0.15830235439900867,0.13066834116451664,0.015965642983443013,0.65086887835703,0.7363112391930836,0.6826198160762846,0.029116598195091107,0.18731529893157534,0.2605813360530342,0.21915765848582947,0.023913677793115044,0.6796449589151882,0.7674262476685009,0.7160301334112189,0.032044152464105274,0.11610392731955403,0.17116445223362342,0.1382708253718491,0.019857550369355364,0.6096822995461422,0.6858752166377816,0.6429309346239788,0.027578619683486367,9220.0,9350.0,balanced,,20000,none,lbfgs,,,,,,,,,,,,,,,,,,,,,,,,,,,,,,
random_over,standard,0.1,rf,20336984,"['smcdc__kurtosis', 'smcac__kurtosis', 'vib_spindle__kurtosis', 'vib_table__kurtosis', 'ae_table__kurtosis']",2022-05-04-1150-40,milling,0.7130977130977131,0.8760563380281691,0.7928454251311458,0.059692691066019335,0.9826224328593997,0.9884726224783862,0.9857517737966607,0.0021368010862400522,0.8285024154589373,0.9262844378257633,0.8775633542488261,0.03638150621708279,0.9952357967931285,0.9986969588396664,0.9969310932946609,0.0014212766113763221,0.9428090312127385,0.9803468997654845,0.9615114312282685,0.01530275695415714,0.9692374350086655,0.9894117647058823,0.979423270838763,0.007501589440476091,7292.0,7993.0,,,,,,,True,balanced,gini,445,4,7,203,,,,,,,,,,,,,,,,,,,,,,
random_over,standard,0.5,knn,1808202,"['smcdc__kurtosis', 'smcac__kurtosis', 'vib_spindle__kurtosis', 'vib_table__kurtosis', 'ae_table__kurtosis']",2022-05-04-1150-40,milling,0.37344913151364767,0.40586034912718205,0.3904341422941506,0.010673395193357362,0.9022346368715084,0.9514866979655712,0.934148485477689,0.018207176215571788,0.53630289532294,0.566579634464752,0.5505202255988242,0.009850880944228424,0.9701422722734119,0.9829226833205276,0.977938725221479,0.004553069240677843,0.838720789259767,0.8981933755188687,0.8740283347320978,0.0209375699355846,0.8843743246163821,0.8921143847487002,0.8888532085646524,0.0028589792852859418,7.0,7.0,,,,,,,,,,,,,,,,,,,,,,,,,,,,euclidean,6,uniform,,,,,
smote,minmax,0.3,rf,24612008,"['smcdc__kurtosis', 'smcac__kurtosis', 'vib_spindle__kurtosis', 'vib_table__kurtosis', 'ae_table__kurtosis']",2022-05-04-1150-40,milling,0.27925045703839124,0.3923076923076923,0.33895759094071554,0.04197641284913401,0.946685878962536,0.9687010954616588,0.9582541029633147,0.00786206350599366,0.43317972350230416,0.5562080536912751,0.4992070054794989,0.045917642905394594,0.9398818100087547,0.959999927084672,0.9545133650299829,0.007471450756091126,0.5397801017001135,0.6529209980998172,0.6134994588493001,0.040944077435184606,0.8252647503782148,0.8853986135181976,0.8577015291748855,0.02536288614509821,8743.0,9144.0,,,,,,,False,balanced,gini,13,9,7,438,,,,,,,,,,,,,,,,,,,,,,
random_under_bootstrap,standard,0.5,knn,19061752,"['smcdc__kurtosis', 'smcac__kurtosis', 'vib_spindle__kurtosis', 'vib_table__kurtosis', 'ae_table__kurtosis']",2022-05-04-1150-40,milling,0.3052073288331726,0.3370568237008256,0.3262624008532254,0.012304376163476441,1.0,1.0,1.0,0.0,0.46767639453269305,0.5041772611696331,0.49187205451828264,0.014091944898169196,0.9992962702322309,0.9995984857175634,0.9994047973676485,0.00010416746080797235,0.9915014164305949,0.99453125,0.992592350148594,0.0010214995216517161,0.8456883509833586,0.8523417172593235,0.8494285723505474,0.002994709166287943,5772.0,6570.0,,,,,,,,,,,,,,,,,,,,,,,,,,,,euclidean,11,distance,,,,,
random_under_bootstrap,standard,0.3,nb,8042368,"['smcdc__kurtosis', 'smcac__kurtosis', 'vib_spindle__kurtosis', 'vib_table__kurtosis', 'ae_table__kurtosis']",2022-05-04-1150-40,milling,0.10681916271040139,0.17223011363636365,0.13584492946932605,0.021803195305951227,0.5633802816901409,0.8371757925072046,0.7377312855209202,0.09858288819525499,0.1879627871653693,0.2763532763532764,0.22736934527024982,0.028467067690683558,0.6991843397287462,0.7817710010443226,0.7423620280889629,0.028220627736290523,0.11274005744982804,0.20203702592177056,0.1586369191477729,0.02897923418625111,0.5425668449197861,0.7388334778837814,0.6245339676259423,0.08798656475320799,9181.0,9338.0,,,,,,,,,,,,,,,,,,,,,,,,,,,,,,,,,,,
,minmax,0.7,svm,17118003,"['smcdc__kurtosis', 'smcac__kurtosis', 'vib_spindle__kurtosis', 'vib_table__kurtosis', 'ae_table__kurtosis']",2022-05-04-1150-40,milling,0.0,0.0,0.0,0.0,0.0,0.0,0.0,0.0,0.0,0.0,0.0,0.0,0.6431779051973134,0.7250759952286541,0.6898015420750537,0.030648271190747593,0.15346087712755488,0.21157924057554656,0.17340960907251873,0.021039371989792062,0.9226280527339529,0.9322994652406417,0.9270414511639368,0.0037667150346901357,9210.0,9343.0,,,,,,,,,,,,,,,,,,,,,,,,,,,,,,,1.37,rbf,25000,False,
random_under,standard,0.8,rf,5882379,"['smcdc__kurtosis', 'smcac__kurtosis', 'vib_spindle__kurtosis', 'vib_table__kurtosis', 'ae_table__kurtosis']",2022-05-04-1150-40,milling,0.2011776251226693,0.3008968609865471,0.2496033062707539,0.03761266619087114,0.9654178674351584,0.9715639810426541,0.9686424249252568,0.002290445586277312,0.33333333333333337,0.45896032831737354,0.39542228775459665,0.04726188616699003,0.9244368424648609,0.9419760103186658,0.9335690867482768,0.007041582157052404,0.4217090882811828,0.5079390895323376,0.4719310112422245,0.032634390402047034,0.7368983957219252,0.8286395147313691,0.7804190541891758,0.03493501462740938,7791.0,8629.0,,,,,,,False,balanced_subsample,gini,25,5,9,34,,,,,,,,,,,,,,,,,,,,,,
,standard,0.3,lr,18132302,"['smcdc__kurtosis', 'smcac__kurtosis', 'vib_spindle__kurtosis', 'vib_table__kurtosis', 'ae_table__kurtosis']",2022-05-04-1150-40,milling,0.0,0.2,0.09357142857142857,0.08031824455354628,0.0,0.001564945226917058,0.0008893579214641033,0.0007275684871305557,0.0,0.0030959752321981426,0.0017612416820484956,0.0014407399178833409,0.6291833012828703,0.6625619143612926,0.6452441406753984,0.012059043072629028,0.09828647519982785,0.12029206794590483,0.11014391956013714,0.008083417857883085,0.9223038685973634,0.932192513368984,0.9266517525353212,0.003827479416756697,9220.0,9350.0,,,20000,none,lbfgs,,,,,,,,,,,,,,,,,,,,,,,,,,,,,,
random_over,minmax,0.8,sgd,9235947,"['smcdc__kurtosis', 'smcac__kurtosis', 'vib_spindle__kurtosis', 'vib_table__kurtosis', 'ae_table__kurtosis']",2022-05-04-1150-40,milling,0.05154639175257732,0.08391987005955603,0.06898327050744114,0.01086641539901027,0.04888268156424581,0.8575899843505478,0.4273858325624288,0.2796939328105769,0.050179211469534045,0.13509977101733725,0.1095596067956586,0.030462059670304256,0.44725387203177647,0.543944111676608,0.49011446613210674,0.032080623325464894,0.06072341896982259,0.07471535839399153,0.06937248493865354,0.005858217034159097,0.16012575888985256,0.8568186730062676,0.5506268340992327,0.2485769538598436,9220.0,9350.0,,,,,,,,,,,,,,1.6310752026634507,False,0.10345897747473354,constant,squared_hinge,l2,,,,,,,,,,,,,,,,
,minmax,0.1,sgd,3327427,"['smcdc__kurtosis', 'smcac__kurtosis', 'vib_spindle__kurtosis', 'vib_table__kurtosis', 'ae_table__kurtosis']",2022-05-04-1150-40,milling,0.0,0.0,0.0,0.0,0.0,0.0,0.0,0.0,0.0,0.0,0.0,0.0,0.45274591005463893,0.5603581621956917,0.49578485494796193,0.0398357893936979,0.05732175677437202,0.08276663170567464,0.06786019895774642,0.008385882577213498,0.9220877458396369,0.9322994652406417,0.9268249581354866,0.0038607788110749507,9220.0,9350.0,,,,,,,,,,,,,,0.09928258429167802,False,0.8663240179619351,invscaling,squared_hinge,elasticnet,,,,,,,,,,,,,,,,
smote,minmax,0.1,svm,4721211,"['smcdc__kurtosis', 'smcac__kurtosis', 'vib_spindle__kurtosis', 'vib_table__kurtosis', 'ae_table__kurtosis']",2022-05-04-1150-40,milling,0.0,0.0,0.0,0.0,0.0,0.0,0.0,0.0,0.0,0.0,0.0,0.0,0.659168833720168,0.7647734184452891,0.7162108238847766,0.03525065497308998,0.16002940767703439,0.24167167059660039,0.19850204699771998,0.02616172767242694,0.9226280527339529,0.9322994652406417,0.9270414511639368,0.0037667150346901357,9211.0,9343.0,,,,,,,,,,,,,,,,,,,,,,,,,,,,,,,1.73,rbf,25000,False,
,standard,0.1,knn,26180807,"['smcdc__kurtosis', 'smcac__kurtosis', 'vib_spindle__kurtosis', 'vib_table__kurtosis', 'ae_table__kurtosis']",2022-05-04-1150-40,milling,1.0,1.0,1.0,0.0,1.0,1.0,1.0,0.0,1.0,1.0,1.0,0.0,1.0,1.0,1.0,0.0,1.0,1.0,1.0,0.0,1.0,1.0,1.0,0.0,2.0,2.0,,,,,,,,,,,,,,,,,,,,,,,,,,,,minkowski,6,distance,,,,,
adasyn,minmax,0.7,knn,584866,"['smcdc__kurtosis', 'smcac__kurtosis', 'vib_spindle__kurtosis', 'vib_table__kurtosis', 'ae_table__kurtosis']",2022-05-04-1150-40,milling,1.0,1.0,1.0,0.0,1.0,1.0,1.0,0.0,1.0,1.0,1.0,0.0,1.0,1.0,1.0,0.0,1.0,1.0,1.0,0.0,1.0,1.0,1.0,0.0,2.0,2.0,,,,,,,,,,,,,,,,,,,,,,,,,,,,chebyshev,1,distance,,,,,
adasyn,standard,0.3,ridge,28070997,"['smcdc__kurtosis', 'smcac__kurtosis', 'vib_spindle__kurtosis', 'vib_table__kurtosis', 'ae_table__kurtosis']",2022-05-04-1150-40,milling,0.0,0.14285714285714285,0.09134920634920635,0.05674486623289694,0.0,0.009389671361502348,0.005327292699682821,0.003869573070726346,0.0,0.017467248908296942,0.010037523635143606,0.007241737663834409,0.6378141819810249,0.6718162167708627,0.6567081053346772,0.015227832029020555,0.10004691507964945,0.12649429022757824,0.1137183545379987,0.009968273125472599,0.9206829479144154,0.9301604278074866,0.9242301456255261,0.0036576457818013643,9220.0,9350.0,,,,,,4.983316205581192,,,,,,,,,,,,,,,,,,,,,,,,,,,,,
random_over,minmax,0.1,ridge,4949828,"['smcdc__kurtosis', 'smcac__kurtosis', 'vib_spindle__kurtosis', 'vib_table__kurtosis', 'ae_table__kurtosis']",2022-05-04-1150-40,milling,0.0,0.2,0.04,0.08,0.0,0.001440922190201729,0.0002881844380403458,0.0005763688760806915,0.0,0.002861230329041488,0.0005722460658082976,0.0011444921316165952,0.6375354805529274,0.6685524554407722,0.6551866904413343,0.014394337095281097,0.09984450882478697,0.12740987416720811,0.11462472890753721,0.010321763963965934,0.9226280527339529,0.9320855614973262,0.9268252474311979,0.0037096877802519903,9220.0,9350.0,,,,,,0.8708452519608773,,,,,,,,,,,,,,,,,,,,,,,,,,,,,
random_under,standard,0.3,svm,16529998,"['smcdc__kurtosis', 'smcac__kurtosis', 'vib_spindle__kurtosis', 'vib_table__kurtosis', 'ae_table__kurtosis']",2022-05-04-1150-40,milling,0.36,0.6666666666666666,0.4377407407407407,0.11607754846013837,0.003129890453834116,0.02881844380403458,0.013921502079570902,0.011092267224108589,0.006230529595015576,0.053475935828877004,0.026238040069865288,0.02036631612798528,0.6629056078070832,0.7359913159341049,0.7035281854775245,0.02688853537330706,0.12766985013019633,0.19120454705715886,0.1639070617918387,0.023226912139490664,0.9224119299762265,0.9320855614973262,0.9263701479010887,0.004185548260960827,9220.0,9350.0,,,,,,,,,,,,,,,,,,,,,,,,,,,,,,,2.17,poly,25000,False,3
random_under_bootstrap,minmax,0.7,nb,7624951,"['smcdc__kurtosis', 'smcac__kurtosis', 'vib_spindle__kurtosis', 'vib_table__kurtosis', 'ae_table__kurtosis']",2022-05-04-1150-40,milling,0.09161490683229814,0.1375996249413971,0.11456688536417788,0.015315254906905506,0.8075117370892019,0.9320695102685624,0.8844174649980932,0.049100937968020474,0.1668316131768698,0.23669354838709677,0.2021868238527623,0.023024327906426736,0.7012045066013805,0.7800942286830261,0.7421419693629722,0.028055811401166815,0.11296797895972766,0.2005868107673573,0.15866234578397273,0.029255874474510245,0.36973262032085563,0.5899046793760832,0.480715723366098,0.09210392481806959,9193.0,9337.0,,,,,,,,,,,,,,,,,,,,,,,,,,,,,,,,,,,
random_under_bootstrap,standard,1.0,svm,18217367,"['smcdc__kurtosis', 'smcac__kurtosis', 'vib_spindle__kurtosis', 'vib_table__kurtosis', 'ae_table__kurtosis']",2022-05-04-1150-40,milling,0.07435183201199914,0.09370388588293163,0.08506468106197637,0.00624850274003805,0.5279329608938548,0.5821596244131455,0.5477934964605378,0.019162722933235482,0.1309433962264151,0.16008403361344536,0.14715565879557646,0.009495424775109142,0.5273800597002425,0.5709710715209104,0.5446287345496784,0.01718637350174358,0.06727730829721523,0.08558223139358627,0.0765807966166716,0.005822124386152742,0.507379679144385,0.5669410745233969,0.5362682745501136,0.019787930876439527,9220.0,9350.0,,,,,,,,,,,,,,,,,,,,,,,,,,,,,,,1.05,sigmoid,25000,False,
random_over,minmax,0.3,lr,23184679,"['smcdc__kurtosis', 'smcac__kurtosis', 'vib_spindle__kurtosis', 'vib_table__kurtosis', 'ae_table__kurtosis']",2022-05-04-1150-40,milling,0.07894736842105263,0.1794871794871795,0.1256412210359579,0.03941933167757759,0.004189944134078212,0.02190923317683881,0.013660498149810596,0.0076539230454075,0.00796812749003984,0.0380952380952381,0.024424600496054282,0.013258814533351614,0.6362171863336172,0.6875159905572173,0.6610347078639912,0.01967478831676871,0.09947483368479887,0.13159526274969505,0.11527271773910983,0.011122189397742217,0.9183275563258232,0.9288770053475935,0.921828138677434,0.003927530525103019,9220.0,9350.0,,,20000,none,lbfgs,,,,,,,,,,,,,,,,,,,,,,,,,,,,,,
smote,standard,0.1,knn,8507673,"['smcdc__kurtosis', 'smcac__kurtosis', 'vib_spindle__kurtosis', 'vib_table__kurtosis', 'ae_table__kurtosis']",2022-05-04-1150-40,milling,0.46875,0.5714285714285714,0.522227723826561,0.037822786384013325,0.01263823064770932,0.0345821325648415,0.023254552391330827,0.007927264302343145,0.02465331278890601,0.06512890094979648,0.04432526247880321,0.014582189056404408,0.8379918414037614,0.8739248776279362,0.8532723980265388,0.013778473905393203,0.25845430771414696,0.3467270659388453,0.2985533548899006,0.03259432596737146,0.9229522368705425,0.9322994652406417,0.9271930465048339,0.0035731542071489844,14.0,16.0,,,,,,,,,,,,,,,,,,,,,,,,,,,,euclidean,20,uniform,,,,,
smote,standard,0.5,xgb,22243009,"['smcdc__kurtosis', 'smcac__kurtosis', 'vib_spindle__kurtosis', 'vib_table__kurtosis', 'ae_table__kurtosis']",2022-05-04-1150-40,milling,1.0,1.0,1.0,0.0,1.0,1.0,1.0,0.0,1.0,1.0,1.0,0.0,1.0,1.0,1.0,0.0,1.0,1.0,1.0,0.0,1.0,1.0,1.0,0.0,9144.0,9293.0,,,,,,,,,,,,,,,,,,,,0,0.7,aucpr,1.5,53,binary:logistic,53,25988,,,,,,,,
random_over,minmax,1.0,rf,23933947,"['smcdc__kurtosis', 'smcac__kurtosis', 'vib_spindle__kurtosis', 'vib_table__kurtosis', 'ae_table__kurtosis']",2022-05-04-1150-40,milling,0.9886039886039886,0.99860529986053,0.9945346980004522,0.00484282873872543,1.0,1.0,1.0,0.0,0.994269340974212,0.9993021632937892,0.9972539436861609,0.002437129564108689,1.0,1.0,1.0,0.0,1.0,1.0,1.0,0.0,0.9991323210412147,0.9998930481283422,0.9995884687656196,0.0003719831053990838,4967.0,5971.0,,,,,,,True,,entropy,421,2,4,383,,,,,,,,,,,,,,,,,,,,,,
,minmax,0.5,lr,16997724,"['smcdc__kurtosis', 'smcac__kurtosis', 'vib_spindle__kurtosis', 'vib_table__kurtosis', 'ae_table__kurtosis']",2022-05-04-1150-40,milling,0.11099137931034483,0.1627108057464085,0.13350917830003922,0.016944954397786784,0.65086887835703,0.7507204610951008,0.6908549570519918,0.03277292533595121,0.18964326812428078,0.26745379876796715,0.22358244849870396,0.02545007989982677,0.6853557084921698,0.7735232488356849,0.7218030989119363,0.03201782517168799,0.11804055551001126,0.1753384162149342,0.14128345317340704,0.020728478232792148,0.6128160795331749,0.6908578856152513,0.647661318898947,0.027723469775485975,9220.0,9350.0,balanced,0.34566384476236556,20000,elasticnet,saga,,,,,,,,,,,,,,,,,,,,,,,,,,,,,,
random_under,standard,0.8,sgd,29892268,"['smcdc__kurtosis', 'smcac__kurtosis', 'vib_spindle__kurtosis', 'vib_table__kurtosis', 'ae_table__kurtosis']",2022-05-04-1150-40,milling,0.03221997300944669,0.09951117318435754,0.07991375384111407,0.02423439075415642,0.27521613832853026,0.8213256484149856,0.5373383316704087,0.2071053344083867,0.057686499546964656,0.17751479289940827,0.13779687931906442,0.042035079801423125,0.2832470265158036,0.6612036347879109,0.5417422335516082,0.13408737470935658,0.048070548975040074,0.12377448611968567,0.09050175811433299,0.02460998378949556,0.3240901213171577,0.7123807458803122,0.4971457233358965,0.13585650418794445,9220.0,9350.0,,,,,,,,,,,,,,1.4332696533315603,True,0.725288058156401,constant,squared_loss,elasticnet,,,,,,,,,,,,,,,,
smote,minmax,0.3,rf,3934247,"['smcdc__kurtosis', 'smcac__kurtosis', 'vib_spindle__kurtosis', 'vib_table__kurtosis', 'ae_table__kurtosis']",2022-05-04-1150-40,milling,0.7719688542825361,0.8743093922651933,0.8194578209992329,0.03602406131024789,1.0,1.0,1.0,0.0,0.8713119899560579,0.9329403095062637,0.9003424528279911,0.021669694426709192,0.9998575616855786,0.9999512492250168,0.9999041099959702,3.873882213742059e-05,0.9983019705630569,0.9993261893407986,0.998830619377513,0.00043254864597241,0.9777946273830156,0.9902673796791444,0.9836677165354253,0.004255347928128509,6675.0,7204.0,,,,,,,False,balanced,entropy,457,4,3,453,,,,,,,,,,,,,,,,,,,,,,
,standard,0.3,lr,30220051,"['smcdc__kurtosis', 'smcac__kurtosis', 'vib_spindle__kurtosis', 'vib_table__kurtosis', 'ae_table__kurtosis']",2022-05-04-1150-40,milling,0.10939989378651088,0.15846487155679356,0.13076754749775307,0.01601098181764456,0.65086887835703,0.7377521613832853,0.683475514561304,0.029430486069056024,0.18731529893157534,0.26089171974522296,0.21934316820849814,0.024001250539471695,0.6794341039925356,0.7673263383294754,0.7158668610656264,0.03208830090755348,0.11604846726255642,0.1711346542060905,0.13820074537897145,0.01986038219273511,0.6095742381672791,0.6857668977469671,0.64286595718932,0.027581070216027456,9220.0,9350.0,balanced,,20000,l1,saga,,,,,,,,,,,,,,,,,,,,,,,,,,,,,,
random_over,standard,0.5,sgd,6051594,"['smcdc__kurtosis', 'smcac__kurtosis', 'vib_spindle__kurtosis', 'vib_table__kurtosis', 'ae_table__kurtosis']",2022-05-04-1150-40,milling,0.0,0.14695153725898905,0.08920296763445128,0.04840830216290679,0.0,0.8126801152737753,0.5683255165621736,0.29175535023349464,0.0,0.24889673433362752,0.15384520996530768,0.0824784649262977,0.5,0.7749569140975453,0.6350801715362264,0.08898536214479194,0.09104392605447491,0.5376355748373102,0.20027327697296796,0.17157719699638416,0.4829791847354727,0.9247288503253797,0.6349144946072067,0.15238655520155225,1.0,9350.0,,,,,,,,,,,,,,0.0,False,0.8470421404690478,optimal,squared_hinge,l1,,,,,,,,,,,,,,,,
